Model,MAE,RMSE,MAPE
ARIMA,390804.00182346697,400661.31561633723,113.76578127123913
SARIMA,64401.15899211602,84183.06471219103,20.23368593941519
Prophet,246870.24484286364,254172.765491601,73.13416079033955
